,Year,Week,Day,Date,, Offense,OT, Offense Defense,Opp,Tm,Opp Defense,1stD,TotYd,PassY,RushY,TO,1stD Defense,TotYd Defense,PassY Defense,RushY Defense,TO Defense,Offense,Defense,Sp. Tms
0,2022,WildCard,Sun,"January 15, 2023",boxscore,L,,,New York Giants,24,31,21,332,271,61,,28,431,289,142,,,,
1,2019,WildCard,Sun,"January 5, 2020",boxscore,W,OT,@,New Orleans Saints,26,20,22,362,226,136,1,19,324,227,97,2,,,
2,2019,Division,Sat,"January 11, 2020",boxscore,L,,@,San Francisco 49ers,10,27,7,147,126,21,2,21,308,122,186,2,,,
3,2017,Division,Sun,"January 14, 2018",boxscore,W,,,New Orleans Saints,29,24,24,403,308,95,1,23,358,278,80,2,,,
4,2017,ConfChamp,Sun,"January 21, 2018",boxscore,L,,@,Philadelphia Eagles,7,38,22,333,263,70,3,27,456,346,110,,,,
5,2015,WildCard,Sun,"January 10, 2016",boxscore,L,,,Seattle Seahawks,9,10,14,183,125,58,1,13,226,129,97,1,,,
6,2012,WildCard,Sat,"January 5, 2013",boxscore,L,,@,Green Bay Packers,10,24,17,324,157,167,3,20,326,250,76,,,,
7,2009,Division,Sun,"January 17, 2010",boxscore,W,,,Dallas Cowboys,34,3,16,323,214,109,,16,248,156,92,3,,,
8,2009,ConfChamp,Sun,"January 24, 2010",boxscore,L,OT,@,New Orleans Saints,28,31,31,475,310,165,5,15,257,189,68,1,,,
9,2008,WildCard,Sun,"January 4, 2009",boxscore,L,,,Philadelphia Eagles,14,26,16,301,153,148,2,15,350,283,67,2,,,
10,2004,WildCard,Sun,"January 9, 2005",boxscore,W,,@,Green Bay Packers,31,17,18,384,261,123,,24,306,201,105,4,,,
11,2004,Division,Sun,"January 16, 2005",boxscore,L,,@,Philadelphia Eagles,14,27,21,385,288,97,2,23,395,286,109,1,,,
12,2000,Division,Sat,"January 6, 2001",boxscore,W,,,New Orleans Saints,34,16,18,429,302,127,,19,355,286,69,2,,,
13,2000,ConfChamp,Sun,"January 14, 2001",boxscore,L,,@,New York Giants,0,41,9,114,60,54,5,31,518,380,138,2,,,
14,1999,WildCard,Sun,"January 9, 2000",boxscore,W,,,Dallas Cowboys,27,10,20,374,199,175,,18,389,278,111,3,,,
15,1999,Division,Sun,"January 16, 2000",boxscore,L,,@,St. Louis Rams,37,49,27,475,388,87,3,23,405,374,31,3,,,
16,1998,Division,Sun,"January 10, 1999",boxscore,W,,,Arizona Cardinals,41,21,26,416,228,188,1,23,316,242,74,3,,,
17,1998,ConfChamp,Sun,"January 17, 1999",boxscore,L,OT,,Atlanta Falcons,27,30,26,356,254,102,2,25,427,317,110,2,,,
18,1997,WildCard,Sat,"December 27, 1997",boxscore,W,,@,New York Giants,23,22,16,293,187,106,3,13,266,190,76,2,,,
19,1997,Division,Sat,"January 3, 1998",boxscore,L,,@,San Francisco 49ers,22,38,16,378,321,57,1,31,394,219,175,,,,
20,1996,WildCard,Sat,"December 28, 1996",boxscore,L,,@,Dallas Cowboys,15,40,12,268,205,63,6,27,438,183,255,2,,,
21,1994,WildCard,Sun,"January 1, 1995",boxscore,L,,,Chicago Bears,18,35,22,389,340,49,4,18,308,214,94,2,,,
22,1993,WildCard,Sun,"January 9, 1994",boxscore,L,,@,New York Giants,10,17,11,260,181,79,1,17,270,94,176,,,,
23,1992,WildCard,Sat,"January 2, 1993",boxscore,L,,,Washington Redskins,7,24,9,148,75,73,2,24,358,162,196,1,,,
24,1989,Division,Sat,"January 6, 1990",boxscore,L,,@,San Francisco 49ers,13,41,25,385,299,86,5,22,403,241,162,1,,,
25,1988,WildCard,Mon,"December 26, 1988",boxscore,W,,,Los Angeles Rams,28,17,11,310,207,103,,19,342,235,107,3,,,
26,1988,Division,Sun,"January 1, 1989",boxscore,L,,@,San Francisco 49ers,9,34,20,262,208,54,3,20,372,171,201,2,,,
27,1987,WildCard,Sun,"January 3, 1988",boxscore,W,,@,New Orleans Saints,44,10,28,417,207,210,2,9,149,96,53,6,,,
28,1987,Division,Sat,"January 9, 1988",boxscore,W,,@,San Francisco 49ers,36,24,22,397,280,117,1,17,358,243,115,2,,,
29,1987,ConfChamp,Sun,"January 17, 1988",boxscore,L,,@,Washington Redskins,10,17,16,259,183,76,1,11,280,119,161,,,,
30,1982,WildCard,Sun,"January 9, 1983",boxscore,W,,,Atlanta Falcons,30,24,30,378,253,125,1,24,235,115,120,2,,,
31,1982,Division,Sat,"January 15, 1983",boxscore,L,,@,Washington Redskins,7,21,15,317,238,79,,23,415,211,204,1,,,
32,1980,Division,Sat,"January 3, 1981",boxscore,L,,@,Philadelphia Eagles,16,31,14,215,179,36,8,24,305,179,126,3,,,
33,1978,Division,Sun,"December 31, 1978",boxscore,L,,@,Los Angeles Rams,10,34,12,244,208,36,2,25,409,209,200,1,,,
34,1977,Division,Mon,"December 26, 1977",boxscore,W,,@,Los Angeles Rams,14,7,14,189,45,144,,14,267,118,149,3,,,
35,1977,ConfChamp,Sun,"January 1, 1978",boxscore,L,,@,Dallas Cowboys,6,23,12,214,148,66,4,16,328,158,170,2,,,
36,1976,Division,Sat,"December 18, 1976",boxscore,W,,,Washington Redskins,35,20,21,384,163,221,2,19,365,290,75,2,,,
37,1976,ConfChamp,Sun,"December 26, 1976",boxscore,W,,,Los Angeles Rams,24,13,13,267,109,158,2,21,336,143,193,4,,,
38,1976,SuperBowl,Sun,"January 9, 1977",boxscore,L,,N,Oakland Raiders,14,32,20,353,282,71,3,21,429,163,266,,,,
39,1975,Division,Sun,"December 28, 1975",boxscore,L,,,Dallas Cowboys,14,17,12,215,100,115,1,19,356,225,131,1,,,
40,1974,Division,Sat,"December 21, 1974",boxscore,W,,,St. Louis Cardinals,30,14,19,365,166,199,2,17,284,184,100,2,,,
41,1974,ConfChamp,Sun,"December 29, 1974",boxscore,W,,,Los Angeles Rams,14,10,18,269,105,164,3,15,340,219,121,5,,,
42,1974,SuperBowl,Sun,"January 12, 1975",boxscore,L,,N,Pittsburgh Steelers,6,16,9,119,102,17,5,17,333,84,249,2,,,
43,1973,Division,Sat,"December 22, 1973",boxscore,W,,,Washington Redskins,27,20,17,359,218,141,2,18,314,159,155,2,,,
44,1973,ConfChamp,Sun,"December 30, 1973",boxscore,W,,@,Dallas Cowboys,27,10,20,306,103,203,4,9,153,63,90,6,,,
45,1973,SuperBowl,Sun,"January 13, 1974",boxscore,L,,N,Miami Dolphins,7,24,14,238,166,72,2,21,259,63,196,,,,
46,1971,Division,Sat,"December 25, 1971",boxscore,L,,,Dallas Cowboys,12,20,17,311,210,101,5,10,183,85,98,,,,
47,1970,Division,Sun,"December 27, 1970",boxscore,L,,,San Francisco 49ers,14,17,14,241,124,117,4,14,289,193,96,3,,,
48,1969,Division,Sat,"December 27, 1969",boxscore,W,,,Los Angeles Rams,23,20,18,275,178,97,3,19,255,129,126,1,,,
49,1969,ConfChamp,Sun,"January 4, 1970",boxscore,W,,,Cleveland Browns,27,7,18,383,161,222,,14,268,171,97,3,,,
50,1969,SuperBowl,Sun,"January 11, 1970",boxscore,L,,N,Kansas City Chiefs,7,23,13,239,172,67,5,18,273,122,151,1,,,
51,1968,Division,Sun,"December 22, 1968",boxscore,L,,@,Baltimore Colts,14,24,22,351,266,85,3,15,295,245,50,2,,,
